<?xml version="1.0" encoding="UTF-8"?>
<project-private xmlns="http://www.netbeans.org/ns/project-private/1">
    <editor-bookmarks xmlns="http://www.netbeans.org/ns/editor-bookmarks/2" lastBookmarkId="0"/>
    <open-files xmlns="http://www.netbeans.org/ns/projectui-open-files/2">
        <group>
            <file>file:/home/berta/ownCloud/NetBeansProjects/Proyecto1Datos1/LinkeDB/src/linkedb/LinkeDB.java</file>
            <file>file:/home/berta/ownCloud/NetBeansProjects/Proyecto1Datos1/LinkeDB/src/linkedb/FXMLDocumentController.java</file>
            <file>file:/home/berta/ownCloud/NetBeansProjects/Proyecto1Datos1/LinkeDB/src/esqueletojson/Documentos.java</file>
            <file>file:/home/berta/ownCloud/NetBeansProjects/Proyecto1Datos1/LinkeDB/src/linkedb/Linked.fxml</file>
            <file>file:/home/berta/ownCloud/NetBeansProjects/Proyecto1Datos1/LinkeDB/src/esqueletojson/Atributo.java</file>
        </group>
    </open-files>
</project-private>
